event_type,ticket_number,coupon_number,pnr,passenger_name,marketing_carrier,operating_carrier,flight_number,flight_date,origin,destination,currency,gross_amount,net_amount
ticket_issued,125000000001,1,PNR001,Passenger 001,BA,BA,BA117,2026-03-01,LHR,JFK,USD,423.10,376.85
ticket_reissued,125000000001,2,PNR001,Passenger 001,BA,AA,BA285,2026-03-03,JFK,LAX,USD,429.85,372.45
ticket_issued,125000000002,1,PNR002,Passenger 002,BA,BA,BA285,2026-03-01,JFK,LAX,USD,426.20,379.95
ticket_reissued,125000000002,2,PNR002,Passenger 002,BA,AA,AA245,2026-03-03,LAX,SFO,USD,432.95,375.55
ticket_issued,125000000003,1,PNR003,Passenger 003,BA,BA,AA245,2026-03-01,LAX,SFO,USD,429.30,383.05
ticket_reissued,125000000003,2,PNR003,Passenger 003,BA,AA,DL402,2026-03-03,SFO,SEA,USD,436.05,378.65
ticket_issued,125000000004,1,PNR004,Passenger 004,BA,BA,DL402,2026-03-01,SFO,SEA,USD,432.40,386.15
ticket_reissued,125000000004,2,PNR004,Passenger 004,BA,AA,UA890,2026-03-03,SEA,YVR,USD,439.15,381.75
ticket_issued,125000000005,1,PNR005,Passenger 005,BA,BA,UA890,2026-03-01,SEA,YVR,USD,435.50,389.25
ticket_reissued,125000000005,2,PNR005,Passenger 005,BA,AA,BA117,2026-03-03,LHR,JFK,USD,442.25,384.85
ticket_issued,125000000006,1,PNR006,Passenger 006,BA,BA,BA117,2026-03-02,LHR,JFK,USD,438.60,392.35
ticket_reissued,125000000006,2,PNR006,Passenger 006,BA,AA,BA285,2026-03-04,JFK,LAX,USD,445.35,387.95
ticket_issued,125000000007,1,PNR007,Passenger 007,BA,BA,BA285,2026-03-02,JFK,LAX,USD,441.70,395.45
ticket_reissued,125000000007,2,PNR007,Passenger 007,BA,AA,AA245,2026-03-04,LAX,SFO,USD,448.45,391.05
ticket_issued,125000000008,1,PNR008,Passenger 008,BA,BA,AA245,2026-03-02,LAX,SFO,USD,444.80,398.55
ticket_reissued,125000000008,2,PNR008,Passenger 008,BA,AA,DL402,2026-03-04,SFO,SEA,USD,451.55,394.15
ticket_issued,125000000009,1,PNR009,Passenger 009,BA,BA,DL402,2026-03-02,SFO,SEA,USD,447.90,401.65
ticket_reissued,125000000009,2,PNR009,Passenger 009,BA,AA,UA890,2026-03-04,SEA,YVR,USD,454.65,397.25
ticket_issued,125000000010,1,PNR010,Passenger 010,BA,BA,UA890,2026-03-02,SEA,YVR,USD,451.00,404.75
ticket_reissued,125000000010,2,PNR010,Passenger 010,BA,AA,BA117,2026-03-04,LHR,JFK,USD,457.75,400.35
ticket_issued,125000000011,1,PNR011,Passenger 011,BA,BA,BA117,2026-03-03,LHR,JFK,USD,454.10,407.85
ticket_reissued,125000000011,2,PNR011,Passenger 011,BA,AA,BA285,2026-03-05,JFK,LAX,USD,460.85,403.45
ticket_issued,125000000012,1,PNR012,Passenger 012,BA,BA,BA285,2026-03-03,JFK,LAX,USD,457.20,410.95
ticket_reissued,125000000012,2,PNR012,Passenger 012,BA,AA,AA245,2026-03-05,LAX,SFO,USD,463.95,406.55
ticket_issued,125000000013,1,PNR013,Passenger 013,BA,BA,AA245,2026-03-03,LAX,SFO,USD,460.30,414.05
ticket_reissued,125000000013,2,PNR013,Passenger 013,BA,AA,DL402,2026-03-05,SFO,SEA,USD,467.05,409.65
ticket_issued,125000000014,1,PNR014,Passenger 014,BA,BA,DL402,2026-03-03,SFO,SEA,USD,463.40,417.15
ticket_reissued,125000000014,2,PNR014,Passenger 014,BA,AA,UA890,2026-03-05,SEA,YVR,USD,470.15,412.75
ticket_issued,125000000015,1,PNR015,Passenger 015,BA,BA,UA890,2026-03-03,SEA,YVR,USD,466.50,420.25
ticket_reissued,125000000015,2,PNR015,Passenger 015,BA,AA,BA117,2026-03-05,LHR,JFK,USD,473.25,415.85
ticket_issued,125000000016,1,PNR016,Passenger 016,BA,BA,BA117,2026-03-04,LHR,JFK,USD,469.60,423.35
ticket_reissued,125000000016,2,PNR016,Passenger 016,BA,AA,BA285,2026-03-06,JFK,LAX,USD,476.35,418.95
ticket_issued,125000000017,1,PNR017,Passenger 017,BA,BA,BA285,2026-03-04,JFK,LAX,USD,472.70,426.45
ticket_reissued,125000000017,2,PNR017,Passenger 017,BA,AA,AA245,2026-03-06,LAX,SFO,USD,479.45,422.05
ticket_issued,125000000018,1,PNR018,Passenger 018,BA,BA,AA245,2026-03-04,LAX,SFO,USD,475.80,429.55
ticket_reissued,125000000018,2,PNR018,Passenger 018,BA,AA,DL402,2026-03-06,SFO,SEA,USD,482.55,425.15
ticket_issued,125000000019,1,PNR019,Passenger 019,BA,BA,DL402,2026-03-04,SFO,SEA,USD,478.90,432.65
ticket_reissued,125000000019,2,PNR019,Passenger 019,BA,AA,UA890,2026-03-06,SEA,YVR,USD,485.65,428.25
ticket_issued,125000000020,1,PNR020,Passenger 020,BA,BA,UA890,2026-03-04,SEA,YVR,USD,482.00,435.75
ticket_reissued,125000000020,2,PNR020,Passenger 020,BA,AA,BA117,2026-03-06,LHR,JFK,USD,488.75,431.35
